Symbol,ETF Name,Asset Class,Total Assets ,YTD,Avg Volume,Previous Closing Price,1-Day Change,Inverse,Leveraged,1 Week,4 Week,1 year,3 year,5 year,YTD FF,1 Week FF,4 Week FF,1 Year FF,3 Year FF,5 Year FF,ETFdb.com Category,Inception,ER,Commission Free,Annual Dividend Rate,Dividend Date,Dividend,Annual Dividend Yield %,P/E Ratio,Beta,# of Holdings,% In Top 10,ST Cap Gain Rate,LT Cap Gain Rate,Tax Form,Lower Bollinger,Upper Bollinger,Support 1,Resistance 1,RSI,Overall Rating,Liquidity Rating,Expenses Rating,Returns Rating,Volatility Rating,Dividend Rating,Concentration Rating,ESG Score,ESG Score Peer Percentile (%),ESG Score Global Percentile (%),Carbon Intensity (Tons of CO2e / $M Sales),SRI Exclusion Criteria (%),Sustainable Impact Solutions (%)
QQQ,Invesco QQQ,Equity,"$65,573,545,546.00",8.55%,"56,669,584",$167.45,-0.42%,No,No,1.39%,7.18%,0.54%,65.46%,104.83%,"-$468,831,242.50","$1,224,650,425.00","$847,784,763.50","$3,806,302,117.00","$8,726,341,514.50","-$2,951,605,327.00",Large Cap Growth Equities,1999-03-10,0.20%,N/A,$1.41,2018-12-24,$0.42,0.84%,23.57,1.14,104,52.14%,35%,15%,1099,$155.98,$168.24,N/A,N/A,56.60,A-,A+,A-,A-,C+,B,B,5.72,85.13%,56.50%,46.74,12.92%,8.62%
XLK,Technology Select Sector SPDR Fund,Equity,"$17,885,005,559.00",7.57%,"16,916,880",$66.67,0.59%,No,No,1.12%,8.41%,-1.28%,69.59%,108.33%,"-$578,208,239.50","-$210,898,823.00","-$717,661,985.50","-$2,880,660,580.00","-$963,455,060.54","-$4,003,964,846.48",Technology Equities,1998-12-16,0.13%,N/A,$0.99,2018-12-21,$0.27,1.49%,16.39,1.07,69,63.98%,35%,15%,1099,$61.32,$67.00,$66.24,$67.06,56.28,A,A+,A,C+,A+,A-,B+,7.21,96.80%,95.55%,25.32,0.51%,7.14%
VGT,Vanguard Information Technology ETF,Equity,"$17,589,872,755.00",8.72%,"954,537",$181.38,0.68%,No,No,1.46%,9.54%,3.65%,84.57%,120.56%,"-$1,194,527,733.53","-$4,848,500.00","-$1,156,981,983.53","-$1,693,576,213.76","$2,420,176,309.06","$5,022,093,764.70",Technology Equities,2004-01-30,0.10%,Vanguard,$2.16,2018-12-13,$0.64,1.20%,23.90,1.14,320,54.35%,35%,15%,1099,$165.19,$182.05,$180.31,$182.29,57.81,A+,A,A,B-,A,A-,A+,6.82,93.24%,89.54%,25.72,0.91%,6.84%
FDN,First Trust Dow Jones Internet Index,Equity,"$7,949,184,216.00",13.56%,"866,142",$132.48,0.12%,No,No,1.67%,10.58%,8.77%,100.51%,120.76%,"-$66,232,039.50","-$12,894,807.00","-$31,275,284.00","$1,270,039,861.00","$1,373,771,656.70","$2,846,999,119.84",Large Cap Growth Equities,2006-06-23,0.53%,N/A,$0.00,2011-12-21,$0.01,0.00%,55.58,1.13,41,53.25%,35%,15%,1099,$120.73,$133.47,$131.75,$133.10,60.07,B+,A,B,A+,B+,C,B,4.46,10.68%,17.43%,17.95,9.59%,5.81%
IYW,iShares U.S. Technology ETF,Equity,"$3,745,484,833.00",9.17%,"255,297",$174.60,0.29%,No,No,2.02%,9.25%,0.94%,78.02%,111.70%,"-$73,261,776.50","$8,339,309.50","-$57,974,131.50","-$517,779,673.50","-$488,975,824.00","-$1,780,040,963.00",Technology Equities,2000-05-19,0.43%,N/A,$1.46,2018-12-17,$0.34,0.85%,19.93,1.12,151,63.98%,35%,15%,1099,$158.78,$174.73,$173.88,$175.52,58.16,A-,A,A-,C,A,B+,A,6.7,87.19%,87.16%,25.38,0.44%,7.21%
IXN,iShares Global Tech ETF,Equity,"$2,419,260,937.00",8.21%,"126,702",$155.85,0.46%,No,No,0.83%,9.18%,-4.37%,73.59%,104.35%,"$75,668,108.50","$15,419,923.00","$75,668,108.50","$1,026,391,350.50","$1,105,489,508.00","$1,156,079,008.00",Technology Equities,2001-11-12,0.47%,N/A,$1.36,2018-12-18,$0.81,0.88%,17.64,1.09,122,52.11%,35%,15%,1099,$142.16,$157.04,$155.17,$156.51,56.96,B+,B+,B+,C+,A,B,A-,7.12,95.73%,94.24%,33.51,1.02%,6.71%
XT,iShares Exponential Technologies ETF,Equity,"$2,312,067,133.00",9.32%,"160,606",$36.36,0.58%,No,No,1.54%,8.47%,-2.72%,65.15%,N/A,"-$59,057.00",$0.00,"-$59,057.00","$606,649,750.50","$1,222,158,534.00","$1,361,303,034.00",Large Cap Growth Equities,2015-03-19,0.47%,N/A,$0.48,2018-12-28,$0.01,1.33%,20.25,1.07,210,6.60%,35%,15%,1099,$33.56,$36.43,$36.24,$36.45,60.54,N/A,N/A,B+,N/A,N/A,N/A,N/A,5.72,54.45%,56.68%,80.11,5.19%,10.48%
IGV,iShares Expanded Tech-Software Sector ET,Equity,"$2,298,202,388.00",11.78%,"443,119",$193.96,0.91%,No,No,2.58%,10.92%,14.53%,106.74%,140.31%,"$365,069,330.00","$95,894,851.00","$399,298,478.00","$792,036,295.00","$668,321,142.50","$190,871,096.50",Technology Equities,2001-07-10,0.47%,N/A,$0.28,2018-12-17,$0.22,0.14%,35.47,1.12,92,55.78%,35%,15%,1099,$175.63,$193.53,$192.60,$194.84,61.61,B+,A-,B+,B,A-,C+,B+,6.58,83.63%,83.67%,13.69,0.00%,12.55%
QTEC,First Trust NASDAQ 100 Technology,Equity,"$2,123,022,265.00",12.80%,"259,629",$76.77,1.08%,No,No,2.52%,13.00%,0.49%,101.48%,130.09%,"-$74,276,943.00","-$7,307,377.00","-$60,930,173.00","-$181,113,030.50","$1,020,657,561.50","$1,080,999,992.00",Technology Equities,2006-04-25,0.58%,N/A,$0.62,2018-12-18,$0.20,0.81%,18.71,1.17,40,29.36%,35%,15%,1099,$67.25,$76.52,$76.24,$77.20,61.90,B,B+,B-,B,A-,B+,B,5.6,46.62%,52.24%,51.44,0.00%,6.52%
FTEC,Fidelity MSCI Information Technology Index ETF,Equity,"$1,933,018,253.00",8.83%,"520,732",$53.59,0.64%,No,No,1.40%,9.48%,0.86%,79.52%,114.72%,"-$1,800,659.50",$0.00,"$17,929,839.50","$201,921,247.00","$1,151,152,041.50","$1,444,843,286.50",Technology Equities,2013-10-21,0.08%,Fidelity,$0.59,2018-12-21,$0.19,1.11%,28.11,1.16,313,54.34%,35%,15%,1099,$48.84,$53.82,$53.29,$53.87,57.64,N/A,N/A,A+,N/A,N/A,N/A,N/A,6.56,82.92%,83.26%,24.19,0.74%,6.01%
FXL,First Trust Technology AlphaDEX Fund,Equity,"$1,907,834,233.00",13.97%,"322,884",$59.89,1.41%,No,No,3.21%,14.38%,8.32%,101.67%,106.03%,"-$90,118,420.50","$11,527,884.00","-$32,761,502.50","$5,789,523.50","$623,076,337.50","$590,716,776.50",Technology Equities,2007-05-08,0.63%,N/A,$0.17,2018-12-28,$0.06,0.29%,26.11,1.17,92,19.86%,35%,15%,1099,$52.03,$59.57,$59.35,$60.22,63.38,B,A-,C+,A-,B+,C+,A-,5.12,28.47%,36.43%,28.69,1.06%,5.79%
KWEB,KraneShares CSI China Internet ETF,Equity,"$1,872,614,040.00",15.68%,"2,439,877",$43.38,-0.94%,No,No,1.52%,13.12%,-30.49%,36.61%,37.63%,"$133,114,691.00","$29,701,661.00","$142,179,196.00","$827,865,979.50","$1,946,613,684.00","$2,057,283,184.00",China Equities,2013-07-31,0.70%,N/A,$1.27,2018-12-26,$1.27,2.92%,27.52,1.35,52,59.98%,35%,15%,1099,$38.00,$43.82,$43.13,$43.81,58.75,B+,B+,B,B-,A-,B-,N/A,2.59,0.71%,0.27%,22.38,0.03%,1.06%
SKYY,First Trust ISE Cloud Computing Index Fund,Equity,"$1,865,293,402.00",10.85%,"330,150",$53.73,0.19%,No,No,1.51%,9.30%,9.92%,99.98%,104.81%,"$83,143,940.50","$23,751,358.50","$80,786,172.50","$247,422,563.50","$770,101,303.03","$1,088,957,182.36",Technology Equities,2011-07-05,0.60%,N/A,$0.46,2018-12-28,$0.28,0.86%,39.70,1.01,29,50.24%,35%,15%,1099,$49.46,$54.12,$53.51,$54.00,61.20,B-,B,B,A-,B+,C,B,6.28,76.87%,75.46%,33.59,4.74%,13.01%
HACK,ETFMG Prime Cyber Security ETF,Equity,"$1,544,304,145.00",13.47%,"253,823",$38.24,2.00%,No,No,4.91%,13.40%,14.81%,72.47%,N/A,"-$45,158,315.00","-$5,469,300.00","-$40,125,755.00","$175,618,550.00","$280,491,015.00","$1,360,399,800.00",Technology Equities,2014-11-12,0.64%,N/A,$0.06,2018-12-24,$0.03,0.18%,25.88,1.21,53,39.81%,35%,15%,1099,$33.78,$37.68,$37.81,$38.51,65.37,N/A,N/A,C,N/A,N/A,N/A,N/A,4.64,13.17%,21.64%,15.54,10.76%,5.25%
RYT,Invesco S&P 500® Equal Weight Technology ETF,Equity,"$1,473,935,122.00",11.94%,"107,885",$157.64,1.27%,No,No,2.12%,11.98%,2.37%,89.98%,119.48%,"-$66,423,706.50","-$37,960,310.00","-$52,311,527.50","-$135,221,748.50","$110,912,367.50","$351,911,129.00",Technology Equities,2006-11-07,0.40%,Charles Schwab,$1.37,2018-12-24,$0.42,0.89%,16.92,1.16,69,16.48%,35%,15%,1099,$139.88,$157.66,$156.46,$158.41,61.90,A-,B+,A-,A,B+,B,B+,5.87,61.92%,62.02%,39.73,2.60%,6.52%
IGM,iShares Expanded Tech Sector ETF,Equity,"$1,469,008,875.00",10.33%,"81,021",$189.45,-0.04%,No,No,1.59%,9.23%,3.38%,87.49%,124.35%,"-$18,154,279.00",$0.00,"-$18,154,279.00","$53,725,062.00","-$75,788,542.50","$21,664,957.50",Technology Equities,2001-03-13,0.47%,N/A,$0.99,2018-12-17,$0.25,0.52%,24.10,1.16,294,50.64%,35%,15%,1099,$173.22,$190.25,$188.72,$190.40,58.30,A-,B+,B+,B,A,B+,A,6.17,73.31%,72.06%,23.96,8.76%,5.33%
ARKK,ARK Innovation ETF,Equity,"$1,361,790,465.00",15.92%,"368,871",$43.11,0.14%,No,No,1.27%,12.18%,5.79%,158.10%,N/A,"$89,794,215.00","$12,597,920.00","$82,358,727.00","$799,505,986.00","$1,268,481,786.00","$1,272,566,647.50",All Cap Equities,2014-10-31,0.75%,N/A,$0.00,2017-12-27,$0.09,0.00%,40.67,1.56,36,54.68%,35%,15%,1099,$39.10,$43.85,$42.72,$43.50,55.90,N/A,N/A,C,N/A,N/A,N/A,N/A,4.14,5.69%,10.66%,21.19,2.35%,10.46%
ROBO,ROBO Global Robotics and Automation Index ETF,Equity,"$1,312,077,133.00",12.01%,"345,995",$36.46,-0.05%,No,No,0.83%,11.23%,-19.42%,66.86%,40.53%,"-$33,032,645.00",$0.00,"-$21,560,653.00","-$633,498,268.50","$1,185,796,632.50","$1,213,045,632.50",Global Equities,2013-10-22,0.95%,N/A,$0.12,2018-12-24,$0.12,0.34%,25.95,1.22,88,19.15%,35%,15%,1099,$32.77,$36.93,$36.32,$36.60,58.80,N/A,N/A,C,N/A,N/A,N/A,N/A,5.57,44.48%,51.00%,39.42,4.43%,8.09%
SOXX,iShares PHLX Semiconductor ETF,Equity,"$1,180,270,460.00",11.38%,"796,998",$174.76,1.20%,No,No,0.56%,12.44%,-3.65%,117.92%,159.06%,"-$20,975,484.50","$58,793,529.50","-$50,011,884.00","-$210,286,135.50","$385,640,185.00","$364,084,625.00",Technology Equities,2001-07-10,0.47%,N/A,$2.15,2018-12-17,$0.34,1.25%,13.29,1.28,31,60.06%,35%,15%,1099,$153.81,$175.67,$173.18,$175.97,59.31,B+,A,B+,A,C+,A-,B-,5.49,42.35%,48.27%,89.15,0.00%,5.17%
SMH,VanEck Vectors Semiconductor ETF,Equity,"$921,569,517.00",12.08%,"7,549,845",$97.82,1.27%,No,No,0.96%,13.10%,-5.82%,104.32%,155.03%,"$92,483,514.00","-$62,576,274.00","$16,342,548.50","-$47,001,842.50","$590,280,908.05","$443,922,004.87",Technology Equities,2011-12-20,0.35%,N/A,$1.64,2018-12-20,$1.64,1.70%,14.41,1.24,26,62.50%,35%,15%,1099,$85.35,$98.21,$96.91,$98.48,59.74,A-,A,A,A-,B,A,C,6.24,75.44%,74.48%,98.67,0.00%,5.31%
TDIV,First Trust NASDAQ Technology Dividend Index Fund,Equity,"$886,278,185.00",7.63%,"132,247",$35.69,0.28%,No,No,1.13%,7.73%,-1.00%,61.14%,71.84%,"$6,834,958.50",$0.00,"$1,831,818.00","$45,037,671.00","$196,816,828.50","$368,309,134.00",Technology Equities,2012-08-14,0.50%,N/A,$0.98,2018-12-18,$0.31,2.76%,16.96,1.05,98,58.21%,35%,15%,1099,$33.08,$35.89,$35.54,$35.86,58.68,A,A-,B,N/A,A,A,B+,6.54,82.56%,82.84%,45.93,0.85%,5.16%
CIBR,First Trust NASDAQ CEA Cybersecurity ETF,Equity,"$745,266,252.00",12.85%,"183,976",$26.43,2.01%,No,No,4.34%,13.14%,8.90%,69.97%,N/A,"-$1,851,296.00","$1,264,141.00","$5,120,548.00","$293,248,243.00","$542,520,008.00","$653,110,192.00",Technology Equities,2015-07-06,0.60%,N/A,$0.05,2018-12-18,$0.04,0.20%,23.58,1.06,38,48.96%,35%,15%,1099,$23.34,$26.12,$26.17,$26.58,64.26,N/A,N/A,B,N/A,N/A,N/A,N/A,4.99,24.20%,33.10%,16.3,17.93%,3.43%
SOXL,Direxion Daily Semiconductor Bull 3x Shares,Equity,"$562,276,801.00",32.20%,"989,719",$110.15,3.50%,No,3x,1.13%,38.69%,-35.17%,441.96%,573.07%,"-$81,644,892.50","-$11,341,189.50","-$89,898,110.00","-$18,886,063.50","$121,170,675.00","$118,898,201.95",Leveraged Equities,2010-03-11,1.02%,N/A,$1.09,2018-12-27,$0.28,1.02%,14.31,4.03,31,58.74%,35%,15%,1099,$76.88,$110.96,$107.30,$112.31,57.74,B,A-,B,C+,C+,N/A,N/A,N/A,N/A,N/A,N/A,N/A,N/A
PNQI,Invesco NASDAQ Internet ETF,Equity,"$555,993,812.00",15.03%,"38,481",$126.34,-0.25%,No,No,2.67%,11.75%,-2.96%,77.93%,87.68%,"$6,441,317.00",$0.00,"$6,441,317.00","$30,155,840.50","$99,359,369.00","$44,530,863.00",Large Cap Growth Equities,2008-06-12,0.60%,N/A,$0.00,2017-12-18,$0.03,0.00%,45.46,1.11,92,58.60%,35%,15%,1099,$113.14,$126.80,$125.78,$126.94,61.47,B,B,B,A,B,C,A-,3.9,4.98%,7.01%,37.53,7.80%,2.28%
TECL,Direxion Daily Technology Bull 3X Shares,Equity,"$555,038,957.00",20.93%,"432,027",$102.79,1.85%,No,3x,2.80%,25.80%,-24.79%,224.77%,391.62%,"$1,942,742.50",$0.00,"-$10,175,441.50","$60,146,582.50","$135,782,962.00","$102,780,380.50",Leveraged Equities,2008-12-17,1.09%,N/A,$0.40,2018-09-25,$0.12,0.39%,17.38,3.38,2,100.00%,35%,15%,1099,$80.92,$103.88,$100.66,$104.63,54.32,B+,B+,B+,B,B-,N/A,N/A,N/A,N/A,N/A,N/A,N/A,N/A
CQQQ,Invesco China Technology ETF,Equity,"$507,939,286.00",13.36%,"255,698",$44.63,-0.60%,No,No,1.16%,12.11%,-28.92%,46.95%,34.31%,"$10,153,665.50",$0.00,"$4,205,198.00","$183,498,680.00","$545,312,728.00","$516,923,780.50",China Equities,2009-12-08,0.70%,Charles Schwab,$0.17,2018-12-24,$0.17,0.38%,22.90,1.28,72,58.60%,35%,15%,1099,$39.67,$45.15,N/A,N/A,58.46,B-,B,C+,A-,C+,A-,B-,3.19,1.07%,1.55%,60.06,0.67%,4.18%
ARKW,ARK Web x.0 ETF,Equity,"$467,398,404.00",16.83%,"154,834",$49.56,0.08%,No,No,1.00%,14.04%,10.69%,191.87%,N/A,"$20,636,456.50","$4,879,831.00","$14,268,733.00","$149,255,855.00","$414,269,311.50","$424,676,461.00",All Cap Equities,2014-09-30,0.75%,N/A,$4.94,2018-12-27,$4.94,10.16%,44.26,1.27,36,50.71%,35%,15%,1099,$44.06,$50.15,$49.19,$49.86,58.87,N/A,N/A,C,N/A,N/A,N/A,N/A,4.78,16.73%,27.44%,23.11,3.80%,11.04%
XNTK,NYSE Technology ETF,Equity,"$382,064,987.00",11.19%,"110,997",$66.19,0.20%,No,No,1.29%,10.15%,-27.14%,38.19%,54.60%,"$9,263,112.50",$0.00,"$4,780,880.75","-$358,119,670.00","-$338,038,420.25","-$338,038,420.25",Technology Equities,2000-09-29,0.35%,N/A,$0.59,2018-12-24,$0.16,0.90%,17.05,1.51,36,32.24%,39%,20%,1099,$60.26,$66.34,$65.87,$66.52,46.81,N/A,N/A,N/A,N/A,N/A,N/A,N/A,6.03,69.75%,67.35%,38.15,4.11%,9.26%
IPAY,ETFMG Prime Mobile Payments ETF,Equity,"$372,859,695.00",11.70%,"136,406",$39.04,-0.10%,No,No,-1.09%,10.44%,3.77%,80.78%,N/A,"$4,672,390.00","$7,898,660.00","$13,451,840.00","$64,222,650.00","$305,380,470.00","$311,474,420.00",Technology Equities,2015-07-16,0.80%,N/A,$0.23,2018-12-24,$0.23,0.60%,19.49,1.23,40,49.10%,35%,15%,1099,$35.37,$40.19,$38.85,$39.17,58.61,N/A,N/A,C,N/A,N/A,N/A,N/A,5.12,27.76%,36.33%,8.56,3.30%,0.80%
EMQQ,Emerging Markets Internet & Ecommerce ETF,Equity,"$360,529,278.00",13.67%,"149,611",$30.36,-0.46%,No,No,2.08%,10.16%,-26.76%,46.37%,N/A,$0.00,$0.00,$0.00,"-$27,877,700.00","$392,186,960.50","$403,956,960.50",Emerging Markets Equities,2014-11-12,0.86%,N/A,$0.00,2017-12-26,$0.14,0.00%,0.00,1.27,58,60.63%,35%,15%,1099,$27.44,$30.59,N/A,N/A,59.50,B-,B-,C,A,B-,C,C+,3.36,2.14%,2.34%,20.16,0.00%,0.92%
PSCT,Invesco S&P SmallCap Information Technology ETF,Equity,"$326,347,854.00",12.62%,"24,844",$77.73,0.17%,No,No,1.89%,12.57%,-0.22%,57.53%,82.12%,"-$32,301,327.00","-$3,793,499.50","-$21,921,358.50","-$119,107,326.00","-$258,946,970.00","-$131,258,386.00",Technology Equities,2010-04-07,0.29%,N/A,$0.32,2018-12-24,$0.07,0.42%,20.05,1.03,91,23.70%,35%,15%,1099,$69.01,$78.12,$77.27,$78.05,61.80,A-,B,A,A,B-,A-,A,4.52,11.39%,18.73%,49.13,1.96%,7.15%
PSJ,Invesco Dynamic Software ETF,Equity,"$294,849,800.00",13.98%,"72,685",$84.23,0.15%,No,No,3.00%,13.38%,23.31%,116.42%,133.36%,"$27,858,779.50","$4,009,786.00","$27,858,779.50","$118,896,630.50","$113,125,708.00","$149,510,893.00",Technology Equities,2005-06-23,0.63%,N/A,$0.00,2016-12-16,$0.01,0.00%,50.52,1.11,30,46.78%,35%,15%,1099,$74.79,$84.33,$83.60,$84.70,62.59,C+,B-,B-,B-,A-,C,C+,5.83,58.72%,60.34%,14.17,0.00%,9.87%
FINX,Global X FinTech Thematic ETF,Equity,"$279,488,549.00",12.27%,"148,502",$24.80,-1.12%,No,No,-3.31%,11.11%,4.71%,N/A,N/A,"-$23,916,316.50",$0.00,"-$20,706,954.00","$212,711,482.00","$293,209,116.92","$293,209,116.92",Technology Equities,2016-09-12,0.68%,N/A,$0.00,2017-12-28,$0.03,0.00%,33.38,1.07,38,58.32%,39%,20%,1099,$22.17,$26.03,$24.67,$24.91,56.06,N/A,N/A,N/A,N/A,N/A,N/A,N/A,4.74,15.66%,26.30%,10.04,0.00%,0.00%
ROM,ProShares Ultra Technology,Equity,"$267,954,770.00",18.28%,"84,813",$93.26,0.45%,No,2x,4.05%,18.68%,-7.19%,171.99%,256.58%,"$2,557,355.75","$4,488,927.00","$4,540,894.75","-$20,144,107.75","$232,085,061.25","$163,779,311.25",Leveraged Equities,2007-01-30,0.95%,N/A,$0.24,2018-12-26,$0.14,0.26%,17.80,2.31,151,64.45%,35%,15%,1099,$77.45,$93.23,$92.48,$94.23,57.29,B+,B,C,B,B+,N/A,N/A,6.7,0.00%,87.15%,25.38,0.42%,6.88%
XSD,SPDR S&P Semiconductor ETF,Equity,"$249,762,398.00",11.93%,"108,048",$72.42,1.05%,No,No,0.46%,13.28%,-0.37%,79.08%,146.95%,"-$12,883,710.00",$0.00,"-$12,883,710.00","-$84,382,527.00","-$84,430,129.50","-$442,810.00",Technology Equities,2006-02-06,0.35%,N/A,$0.75,2018-12-24,$0.21,1.05%,14.23,1.31,36,34.69%,35%,15%,1099,$63.66,$73.03,$71.93,$72.87,59.50,B,A-,A-,A-,C,B-,B,4.69,14.23%,25.21%,93.78,0.00%,12.18%
PSI,Invesco Dynamic Semiconductors ETF,Equity,"$167,740,396.00",13.00%,"45,906",$50.07,1.23%,No,No,1.29%,14.13%,-5.51%,114.71%,183.56%,"-$11,434,712.50","-$2,422,598.50","-$9,211,537.50","-$210,893,305.00","$17,316,590.00","$54,515,347.50",Technology Equities,2005-06-23,0.61%,N/A,$0.37,2018-12-24,$0.14,0.74%,15.83,1.31,31,47.06%,35%,15%,1099,$43.53,$50.39,$49.57,$50.41,60.55,C,C+,B-,B-,C+,C+,C+,4.96,22.06%,32.32%,71.88,0.00%,6.91%
IEUS,iShares MSCI Europe Small-Cap ETF,Equity,"$160,059,839.00",8.95%,"31,819",$48.95,-0.41%,No,No,-0.02%,6.58%,-18.11%,24.85%,24.48%,"-$12,120,751.00","-$7,322,262.00","-$12,120,751.00","-$41,652,978.50","$104,358,279.50","$120,081,279.50",Europe Equities,2007-11-12,0.40%,N/A,$1.44,2018-12-18,$0.52,2.93%,12.80,0.90,1024,5.59%,35%,15%,1099,$46.31,$49.79,$48.88,$49.09,59.05,A,B-,A-,A-,A-,B,A,5.92,3.86%,63.40%,141.97,3.99%,5.18%
SOCL,Global X Social Media Index ETF,Equity,"$137,795,210.00",13.50%,"35,374",$31.27,-0.38%,No,No,2.02%,9.76%,-13.95%,73.96%,49.44%,"-$6,006,767.00","-$1,533,070.50","-$6,006,767.00","-$8,483,238.50","$26,334,034.00","-$8,743,466.00",Large Cap Growth Equities,2011-11-14,0.65%,2 Platforms,$0.00,2017-12-28,$0.49,0.00%,27.88,0.88,39,68.01%,35%,15%,1099,$28.40,$31.44,N/A,N/A,60.70,C+,B-,B-,C+,C+,B+,C+,3.21,1.78%,1.60%,18.63,0.00%,1.06%
XSW,SPDR S&P Software & Services ETF,Equity,"$128,793,246.00",15.05%,"16,773",$85.76,0.88%,No,No,2.46%,13.32%,15.42%,94.28%,97.26%,"-$11,518,857.00",$0.00,"-$7,777,817.50","$53,036,653.00","$45,364,368.00","$62,064,253.50",Technology Equities,2011-09-28,0.35%,N/A,$0.23,2018-12-24,$0.13,0.27%,23.23,1.12,155,7.86%,35%,15%,1099,$75.90,$86.01,$85.29,$86.05,64.49,A,C,A,A,A-,A,A,4.87,18.51%,29.74%,13.1,4.31%,4.96%
PTF,Invesco DWA Technology Momentum ETF,Equity,"$124,568,455.00",15.28%,"13,024",$60.72,0.75%,No,No,4.01%,14.80%,7.96%,68.80%,77.58%,"-$5,642,724.00","-$2,895,394.00","-$5,642,724.00","-$1,088,840.50","-$154,971,434.00","$44,165,472.50",Technology Equities,2006-10-12,0.60%,N/A,$0.04,2018-09-24,$0.00,0.07%,40.69,1.21,37,39.03%,35%,15%,1099,$52.96,$60.33,$60.15,$61.05,63.54,B,B-,B,B+,B+,B,B+,4.78,17.08%,27.54%,23.88,1.93%,1.09%
SOXS,Direxion Daily Semiconductor Bear 3x Shares,Equity,"$121,202,005.00",-33.43%,"5,522,042",$8.78,-3.62%,Yes,3x,-2.66%,-33.08%,-30.35%,-96.32%,-98.84%,"$104,008,025.50","-$1,878,950.50","$94,945,619.50","$84,775,791.50","$195,491,049.69","$222,307,771.29",Leveraged Equities,2010-03-11,1.11%,N/A,$0.10,2018-12-27,$0.06,1.10%,0.00,-3.43,30,60.10%,35%,15%,1099,$8.39,$13.40,$8.60,$9.03,39.21,B-,B+,B,B+,C+,N/A,N/A,N/A,N/A,N/A,N/A,N/A,N/A
BLOK,Amplify Transformational Data Sharing ETF,Equity,"$105,166,159.00",11.85%,"47,402",$16.52,-0.24%,No,No,-0.96%,7.83%,-18.81%,N/A,N/A,"-$4,863,270.00",$0.00,"-$4,863,270.00","-$49,841,595.00","$77,283,020.00","$77,283,020.00",Global Equities,2018-01-17,0.70%,N/A,$0.19,2018-12-28,$0.19,1.18%,17.20,1.05,54,35.79%,39%,20%,1099,$15.34,$16.80,$16.44,$16.63,55.67,N/A,N/A,N/A,N/A,N/A,N/A,N/A,5.36,37.37%,43.46%,29.4,0.00%,3.31%
GAMR,ETFMG Video Game Tech ETF,Equity,"$95,289,525.00",8.92%,"16,955",$42.37,-0.73%,No,No,-0.49%,5.98%,-16.27%,N/A,N/A,"-$4,263,340.00","-$4,263,340.00","-$4,263,340.00","$18,617,555.00","$104,370,625.00","$104,370,625.00",Global Equities,2016-03-09,0.82%,N/A,$0.61,2018-12-24,$0.12,1.45%,16.90,1.05,79,27.02%,39%,20%,1099,$40.24,$43.09,N/A,N/A,56.11,N/A,N/A,C+,N/A,N/A,N/A,N/A,4.88,18.86%,29.95%,13.93,3.65%,0.86%
BLCN,Reality Shares Nasdaq NexGen Economy ETF,Equity,"$75,484,966.00",11.31%,"17,965",$21.59,0.42%,No,No,0.96%,9.62%,-10.46%,N/A,N/A,"-$5,837,941.00",$0.00,"-$1,053,913.50","-$20,332,411.25","$80,507,580.00","$80,507,580.00",Large Cap Blend Equities,2018-01-17,0.68%,N/A,$0.22,2018-12-26,$0.07,1.05%,13.16,1.00,61,22.03%,39%,20%,1099,$19.68,$21.71,$21.43,$21.69,60.04,N/A,N/A,N/A,N/A,N/A,N/A,N/A,5.62,48.04%,53.02%,25.12,4.33%,4.62%
SNSR,Global X Internet of Things Thematic ETF,Equity,"$71,885,704.00",10.97%,"23,147",$17.91,0.79%,No,No,-0.11%,11.10%,-12.57%,N/A,N/A,"-$5,059,977.50",$0.00,"-$3,441,852.50","-$16,508,692.50","$73,871,728.46","$73,871,728.46",Global Equities,2016-09-12,0.68%,N/A,$0.20,2018-12-28,$0.20,1.13%,17.61,1.09,53,49.99%,39%,20%,1099,$16.26,$18.28,$17.85,$17.98,58.51,N/A,N/A,N/A,N/A,N/A,N/A,N/A,5.74,55.87%,57.42%,54.35,2.29%,16.07%
XITK,SPDR FactSet Innovative Technology ETF,Equity,"$62,730,325.00",16.67%,"18,161",$96.50,1.16%,No,No,3.26%,15.20%,16.30%,105.72%,N/A,$0.00,$0.00,$0.00,"$58,188,800.50","$57,989,688.00","$57,989,688.00",Technology Equities,2016-01-13,0.45%,N/A,$1.24,2018-12-24,$1.24,1.32%,24.07,1.14,98,12.61%,39%,20%,1099,$83.70,$95.90,$95.72,$96.92,63.66,N/A,N/A,B+,N/A,N/A,N/A,N/A,4.6,12.81%,20.55%,20.2,0.00%,4.02%
JHMT,John Hancock Multi-Factor Technology ETF,Equity,"$58,536,256.00",11.86%,"5,966",$44.01,0.64%,No,No,2.34%,10.98%,0.42%,82.41%,N/A,"-$5,371,287.90",$0.00,"-$1,190,359.50","-$8,850,298.90","$20,719,209.10","$31,432,171.60",Technology Equities,2015-09-28,0.40%,N/A,$0.37,2018-12-24,$0.24,0.85%,26.07,1.13,136,39.87%,39%,20%,1099,$39.39,$44.03,$43.90,$44.15,61.07,N/A,N/A,B,N/A,N/A,N/A,N/A,5.92,64.41%,63.56%,38.01,1.68%,6.56%
CWEB,Direxion Daily CSI China Internet Index Bull 2x Shares,Equity,"$58,086,850.00",32.51%,"99,798",$24.78,-1.55%,No,2x,3.25%,26.30%,-59.20%,N/A,N/A,"-$2,250,590.50","-$2,403,035.00","-$2,250,590.50","-$10,434,644.50","$96,010,052.50","$96,010,052.50",Leveraged Equities,2016-11-02,1.36%,N/A,$0.30,2018-12-27,$0.10,1.18%,0.00,2.26,2,100.00%,39%,20%,1099,$19.15,$25.13,N/A,N/A,57.98,N/A,N/A,N/A,N/A,N/A,N/A,N/A,N/A,N/A,N/A,N/A,N/A,N/A
ITEQ,BlueStar Israel Technology ETF,Equity,"$54,591,775.00",12.03%,"18,084",$35.21,0.57%,No,No,3.96%,11.49%,6.82%,64.90%,N/A,"-$1,650,995.00",$0.00,"-$1,650,995.00","$17,649,715.00","$45,447,330.00","$45,447,330.00",Technology Equities,2015-11-03,0.75%,N/A,$0.09,2018-12-24,$0.09,0.27%,20.79,1.06,58,53.28%,39%,20%,1099,$31.40,$35.00,$35.12,$35.28,66.61,N/A,N/A,C,N/A,N/A,N/A,N/A,N/A,N/A,N/A,N/A,N/A,N/A
PXQ,Invesco Dynamic Networking ETF,Equity,"$53,908,780.00",11.43%,"10,463",$53.90,1.03%,No,No,3.97%,12.57%,12.22%,81.66%,71.98%,"-$4,818,612.00",$0.00,"-$2,396,837.50","$1,485,941.00","$19,157,008.50","$7,620,027.00",Technology Equities,2005-06-23,0.63%,N/A,$0.59,2018-12-24,$0.35,1.12%,35.32,1.12,29,48.08%,35%,15%,1099,$47.91,$53.57,$53.60,$54.13,63.77,C+,B-,B-,B-,B,C+,B-,5.25,33.10%,40.32%,22.65,0.00%,7.38%
ISRA,VanEck Vectors Israel ETF,Equity,"$51,356,803.00",11.31%,"5,461",$31.19,0.35%,No,No,3.12%,9.19%,-1.03%,20.50%,11.31%,$0.00,$0.00,$0.00,"$7,806,478.50","$2,622,708.00","$19,071,296.00",All Cap Equities,2013-06-25,0.59%,N/A,$0.21,2018-12-20,$0.21,0.68%,15.09,0.94,126,50.46%,35%,15%,1099,$28.40,$31.15,$31.10,$31.30,62.23,B-,B,C+,N/A,A,B-,B-,4.56,2.75%,19.49%,64.96,2.07%,4.14%
IGN,iShares North American Tech-Multimedia Networking ETF,Equity,"$51,308,523.00",8.59%,"16,897",$51.31,0.49%,No,No,0.81%,8.02%,1.81%,59.44%,58.75%,"-$2,369,840.00",$0.00,$0.00,"-$4,212,322.50","-$28,792,933.50","-$222,400,433.50",Communications Equities,2001-07-10,0.47%,N/A,$0.31,2018-12-17,$0.04,0.60%,17.95,0.98,22,65.06%,35%,15%,1099,$48.02,$51.54,$51.13,$51.47,57.77,B,B+,B+,B+,B,A,C,5.06,27.91%,34.72%,16.5,5.25%,2.87%
OGIG,O’Shares Global Internet Giants ETF,Equity,"$49,793,815.00",15.99%,"23,002",$22.12,-0.09%,No,No,2.88%,13.09%,N/A,N/A,N/A,$0.00,$0.00,$0.00,"$54,985,020.25","$54,985,020.25","$54,985,020.25",Large Cap Growth Equities,2018-06-05,0.48%,N/A,$0.00,N/A,N/A,0.00%,40.28,1.56,60,42.77%,39%,20%,1099,$19.63,$22.13,$21.99,$22.25,61.60,N/A,N/A,N/A,N/A,N/A,N/A,N/A,4.56,12.10%,19.60%,18.16,5.80%,3.61%
XWEB,SPDR S&P Internet ETF,Equity,"$48,052,456.00",14.88%,"13,195",$87.38,0.25%,No,No,1.92%,12.86%,23.55%,N/A,N/A,$0.00,$0.00,$0.00,"$46,695,866.50","$46,128,205.50","$46,128,205.50",All Cap Equities,2016-06-27,0.35%,N/A,$1.44,2018-12-24,$1.42,1.67%,27.89,1.03,46,27.36%,39%,20%,1099,$77.21,$87.92,$86.94,$87.67,61.42,N/A,N/A,A-,N/A,N/A,N/A,N/A,3.5,3.56%,3.10%,21.69,2.49%,2.21%
USD,ProShares Ultra Semiconductors,Equity,"$44,324,727.00",17.02%,"34,671",$34.65,2.73%,No,2x,0.00%,19.20%,-23.38%,194.52%,319.20%,$0.00,$0.00,$0.00,"-$25,362,413.00","$20,075,515.50","-$2,037,984.50",Leveraged Equities,2007-01-30,0.95%,N/A,$0.28,2018-12-26,$0.12,0.81%,13.33,2.42,33,80.68%,35%,15%,1099,$29.13,$34.96,$34.02,$35.05,55.80,B,B-,C,B-,B,N/A,N/A,5.94,0.00%,64.00%,70.16,0.00%,5.68%
PRNT,3D Printing ETF,Equity,"$40,468,245.00",13.66%,"11,097",$22.58,0.71%,No,No,4.85%,10.93%,-12.33%,N/A,N/A,"-$1,043,785.50",$0.00,"-$1,043,785.50","-$1,897,812.00","$41,396,141.50","$41,396,141.50",Global Equities,2016-07-19,0.66%,N/A,$0.16,2018-12-27,$0.16,0.70%,20.37,1.36,48,54.87%,39%,20%,1099,$20.29,$22.36,$22.40,$22.79,62.52,N/A,N/A,C+,N/A,N/A,N/A,N/A,5.79,56.94%,58.99%,103.49,2.15%,2.62%
LEGR,First Trust Indxx Innovative Transaction & Process ETF,Equity,"$40,369,911.00",9.01%,"7,227",$27.83,-0.32%,No,No,-0.54%,7.53%,-5.92%,N/A,N/A,"-$2,674,300.00",$0.00,"-$2,674,300.00","$34,151,637.50","$40,223,443.50","$40,223,443.50",Large Cap Blend Equities,2018-01-24,0.65%,N/A,$0.33,2018-12-18,$0.10,1.19%,16.19,0.91,99,20.51%,39%,20%,1099,$25.79,$28.26,$27.78,$27.86,58.34,N/A,N/A,N/A,N/A,N/A,N/A,N/A,6.39,79.36%,78.59%,58.96,3.72%,5.14%
TECS,Direxion Daily Technology Bear 3X Shares,Equity,"$36,510,971.00",-22.42%,"615,303",$21.46,-1.69%,Yes,3x,-3.90%,-22.44%,-22.21%,-87.06%,-95.15%,"$8,302,103.50","$1,086,923.00","$3,529,514.50","$6,463,527.11","$42,716,721.11","$56,968,601.35",Leveraged Equities,2008-12-17,1.10%,N/A,$0.20,2018-12-27,$0.08,0.91%,0.00,-2.82,1,100.00%,35%,15%,1099,$20.88,$27.77,$21.08,$21.85,42.17,B,B+,B,B,B-,N/A,N/A,N/A,N/A,N/A,N/A,N/A,N/A
AIQ,Global X Future Analytics Tech ETF,Equity,"$35,199,879.00",13.92%,"13,968",$14.65,0.69%,No,No,2.16%,11.15%,N/A,N/A,N/A,"-$695,239.50",$0.00,"-$695,239.50","-$14,190,434.00","-$14,190,434.00","-$14,190,434.00",Large Cap Growth Equities,2018-05-11,0.68%,N/A,$0.06,2018-12-28,$0.07,0.45%,19.30,1.33,82,30.02%,N/A,N/A,N/A,$13.19,$14.67,$14.64,$14.68,61.25,N/A,N/A,N/A,N/A,N/A,N/A,N/A,5.71,54.09%,56.15%,22.96,8.43%,7.25%
KEMQ,KraneShares Emerging Markets Consumer Technology ETF,Equity,"$27,894,497.00",12.81%,"5,500",$21.45,-0.28%,No,No,2.05%,9.24%,-22.56%,N/A,N/A,$0.00,$0.00,$0.00,"$33,609,407.50","$33,609,407.50","$33,609,407.50",Foreign Large Cap Equities,2017-10-12,0.79%,N/A,$0.00,N/A,N/A,0.00%,17.13,0.79,50,36.46%,39%,20%,1099,$19.45,$21.50,$21.35,$21.50,62.59,N/A,N/A,N/A,N/A,N/A,N/A,N/A,3.39,2.49%,2.46%,28.31,2.34%,3.23%
FNG,AdvisorShares New Tech and Media ETF,Equity,"$24,443,482.00",4.37%,"15,897",$16.25,-1.22%,No,No,-1.46%,5.45%,-28.03%,N/A,N/A,$0.00,$0.00,$0.00,"-$17,029,356.25","$32,247,786.75","$32,247,786.75",Large Cap Growth Equities,2017-07-11,0.86%,N/A,$0.00,N/A,N/A,0.00%,35.47,1.22,21,74.78%,39%,20%,1099,$15.54,$16.52,N/A,N/A,48.98,N/A,N/A,N/A,N/A,N/A,N/A,N/A,5.3,36.65%,41.75%,19.88,12.11%,9.16%
IRBO,iShares Robotics and Artificial Intelligence ETF,Equity,"$22,885,831.00",13.68%,"17,910",$22.93,0.13%,No,No,1.69%,12.24%,N/A,N/A,N/A,"$4,486,670.00","$4,486,670.00","$4,486,670.00","$12,855,002.00","$12,855,002.00","$12,855,002.00",Global Equities,2018-06-26,0.47%,N/A,$0.07,2018-12-17,$0.04,0.30%,23.10,1.15,91,13.99%,39%,20%,1099,$20.45,$23.12,$22.86,$23.06,61.39,N/A,N/A,N/A,N/A,N/A,N/A,N/A,4.97,22.42%,32.42%,36.57,3.57%,4.11%
FTXL,First Trust Nasdaq Semiconductor ETF,Equity,"$22,464,022.00",16.02%,"7,355",$29.88,1.91%,No,No,1.62%,16.43%,-6.77%,N/A,N/A,"$129,288.00","$1,474,261.50","$129,288.00","-$4,141,245.50","$16,602,226.50","$16,602,226.50",Technology Equities,2016-09-21,0.60%,N/A,$0.18,2018-12-18,$0.05,0.61%,17.26,0.93,28,57.91%,39%,20%,1099,$25.08,$30.01,$29.50,$30.13,61.66,N/A,N/A,N/A,N/A,N/A,N/A,N/A,5.28,35.59%,41.09%,110.23,0.00%,5.90%
IZRL,ARK Israel Innovative Technology ETF,Equity,"$21,708,283.00",13.74%,"4,673",$21.11,-0.28%,No,No,4.30%,9.38%,4.09%,N/A,N/A,$0.00,$0.00,$0.00,"-$37,891.00","$16,616,810.75","$16,616,810.75",Small Cap Blend Equities,2017-12-05,0.49%,N/A,$0.57,2018-12-27,$0.57,2.71%,20.31,0.96,41,28.19%,39%,20%,1099,$19.04,$21.04,$21.05,$21.24,63.97,N/A,N/A,N/A,N/A,N/A,N/A,N/A,N/A,N/A,N/A,N/A,N/A,N/A
LOUP,Innovator Loup Frontier Tech ETF,Equity,"$12,699,908.00",13.98%,"3,573",$23.15,0.26%,No,No,1.40%,14.80%,N/A,N/A,N/A,$0.00,$0.00,$0.00,"$11,763,355.00","$11,763,355.00","$11,763,355.00",Technology Equities,2018-07-25,0.70%,N/A,$0.00,N/A,N/A,0.00%,7.79,1.25,30,44.06%,39%,20%,1099,$20.24,$23.37,$23.11,$23.22,59.59,N/A,N/A,N/A,N/A,N/A,N/A,N/A,5.01,24.91%,33.54%,52.71,4.83%,8.52%
KOIN,Innovation Shares NextGen Protocol ETF,Equity,"$10,120,292.00",8.71%,"1,871",$23.76,0.21%,No,No,-0.23%,6.86%,-3.33%,N/A,N/A,$0.00,$0.00,$0.00,"$6,293,013.75","$7,526,835.75","$7,526,835.75",Technology Equities,2018-01-30,0.65%,N/A,$0.09,2018-12-24,$0.09,0.36%,18.78,1.08,43,43.61%,39%,20%,1099,$22.31,$23.99,$23.76,$23.76,56.06,N/A,N/A,N/A,N/A,N/A,N/A,N/A,7.23,97.51%,95.74%,103.08,6.88%,6.55%
BUZ,Sprott Buzz Social Media Insights ETF,Equity,"$8,702,225.00",11.06%,"2,960",$34.74,0.06%,No,No,1.16%,9.04%,0.32%,N/A,N/A,"-$1,577,714.50",$0.00,$0.00,"-$2,719,204.00","$4,001,837.50","$4,001,837.50",Large Cap Growth Equities,2016-04-18,0.75%,N/A,$0.18,2018-12-20,$0.18,0.53%,16.57,1.20,76,30.94%,39%,20%,1099,$32.25,$34.91,$34.71,$34.80,58.35,N/A,N/A,C+,N/A,N/A,N/A,N/A,5.36,37.72%,43.76%,85.17,6.29%,8.60%
XTH,SPDR S&P Technology Hardware ETF,Equity,"$7,090,539.00",15.00%,"1,775",$70.88,0.83%,No,No,3.17%,15.15%,-6.61%,N/A,N/A,$0.00,$0.00,$0.00,"$3,328,950.50","$2,498,909.00","$2,498,909.00",Technology Equities,2016-06-27,0.35%,N/A,$1.11,2018-12-24,$0.73,1.60%,13.70,1.38,41,31.70%,39%,20%,1099,$61.61,$71.00,$70.86,$70.88,62.74,N/A,N/A,A-,N/A,N/A,N/A,N/A,5.67,51.25%,54.82%,58.78,2.34%,4.35%
SSG,ProShares Ultra Short Semiconductors,Equity,"$6,403,227.00",-19.02%,"23,684",$16.56,-2.93%,Yes,2x,-0.51%,-18.02%,-7.78%,-82.55%,-92.01%,"$2,849,536.25",$0.00,"$2,290,991.50","$5,029,311.34","$10,795,842.34","$12,475,692.94",Leveraged Equities,2007-01-30,0.95%,N/A,$0.13,2018-12-26,$0.06,0.76%,0.00,-2.18,32,81.41%,35%,15%,1099,$16.23,$20.24,$16.32,$16.95,41.81,B-,C+,B-,A-,B,N/A,N/A,N/A,N/A,N/A,N/A,N/A,N/A
SCID,Global X Scientific Beta Europe ETF,Equity,"$5,917,852.00",7.32%,"2,825",$23.59,0.25%,No,No,0.58%,5.74%,-15.66%,21.76%,N/A,$0.00,$0.00,$0.00,"-$2,232,472.50","-$8,772,868.50","$1,397,131.50",Hedge Fund,2015-05-12,0.38%,N/A,$1.26,2018-12-28,$1.26,5.35%,13.16,0.63,444,7.44%,35%,15%,1099,$22.36,$23.83,$23.57,$23.60,59.91,N/A,N/A,A-,N/A,N/A,C+,A,6.79,30.42%,89.00%,205.18,8.78%,7.99%
IETC,iShares Evolved U.S. Technology ETF,Equity,"$5,054,168.00",9.72%,"3,856",$25.28,-0.28%,No,No,1.36%,8.50%,N/A,N/A,N/A,$0.00,$0.00,$0.00,"$1,163,366.50","$1,163,366.50","$1,163,366.50",Technology Equities,2018-03-21,0.18%,N/A,$0.29,2018-12-17,$0.19,1.17%,32.14,1.33,235,54.94%,39%,20%,1099,$23.27,$25.41,$25.20,$25.39,57.54,N/A,N/A,N/A,N/A,N/A,N/A,N/A,6.45,81.14%,80.41%,20.83,8.37%,6.28%
REW,ProShares Ultra Short Technology,Equity,"$4,551,600.00",-18.13%,"33,735",$12.06,-0.25%,Yes,2x,-4.06%,-16.42%,-15.61%,-76.03%,-86.30%,"-$1,088,076.25",$0.00,"-$356,079.75","$2,727,368.25","$3,590,363.75","$7,941,798.78",Leveraged Equities,2007-01-30,0.95%,N/A,$0.07,2018-12-26,$0.03,0.60%,0.00,-2.01,150,64.00%,35%,15%,1099,$11.97,$14.60,N/A,N/A,41.00,B,B-,B-,B+,B+,N/A,N/A,N/A,N/A,N/A,N/A,N/A,N/A
QTUM,Defiance Quantum ETF,Equity,"$4,502,520.00",12.90%,"3,442",$22.58,0.49%,No,No,1.80%,12.23%,N/A,N/A,N/A,"$1,015,575.00",$0.00,"$1,015,575.00","$2,093,160.00","$2,093,160.00","$2,093,160.00",Technology Equities,2018-09-05,0.40%,N/A,$0.04,2018-12-28,$0.04,0.19%,12.98,1.16,69,18.25%,39%,20%,1099,$19.72,$22.69,$22.52,$22.65,62.26,N/A,N/A,N/A,N/A,N/A,N/A,N/A,5.9,63.35%,62.87%,42.33,12.50%,4.05%
AUGR,Defiance Future Tech ETF,Equity,"$2,166,060.00",10.63%,832,$21.75,-0.23%,No,No,0.76%,9.68%,N/A,N/A,N/A,$0.00,$0.00,$0.00,$0.00,$0.00,$0.00,Global Equities,2018-08-01,0.40%,N/A,$0.07,2018-12-28,$0.06,0.31%,8.83,0.97,69,17.49%,39%,20%,1099,$19.90,$21.99,$21.70,$21.82,58.55,N/A,N/A,N/A,N/A,N/A,N/A,N/A,5.86,60.14%,61.42%,44.09,2.01%,3.94%
CHIK,Global X MSCI China Information Technology ETF,Equity,"$1,575,931.00",13.45%,N/A,$15.86,0.19%,No,No,0.54%,14.43%,N/A,N/A,N/A,$0.00,$0.00,$0.00,$0.00,$0.00,$0.00,China Equities,2018-12-07,0.65%,N/A,$0.00,N/A,N/A,0.00%,0.00,0.00,41,60.96%,39%,20%,1099,$13.90,$16.22,$15.86,$15.86,57.29,N/A,N/A,N/A,N/A,N/A,N/A,N/A,N/A,N/A,N/A,N/A,N/A,N/A
